{
    "recipes": [
      {
        "name": "$custom_item_honeybread",
        "nameValue": "Honey Baked Bread",
        "item": "HoneyBread",
        "descriptionToken" : "$custom_item_honeybread_description",
        "description" : "Bread baked using a honey glaze",
        "amount": 1,
        "craftingStation": "piece_cauldron",
        "minStationLevel": 1,
        "enabled": true,
        "repairStation": "",
        "resources": [
          {
            "item": "Bread",
            "amount": 1
          },
          {
            "item": "Honey",
            "amount": 2
          }
        ]
      },
      {
        "name": "$custom_item_honeycookedmeat",
        "nameValue": "Honey Glazed Meat",
        "item": "HoneyCookedMeat",
        "descriptionToken" : "$custom_item_honeycookedmeat_description",
        "description" : "Meat marinated and cooked with honey.",
        "amount": 1,
        "craftingStation": "piece_cauldron",
        "minStationLevel": 1,
        "enabled": true,
        "repairStation": "",
        "resources": [
          {
            "item": "CookedMeat",
            "amount": 1
          },
          {
            "item": "Honey",
            "amount": 2
          }
        ]
      },
      {
        "name": "$custom_item_honeycookedneck",
        "nameValue": "Honey Glazed Neck Tail",
        "item": "HoneyCookedNeck",
        "descriptionToken" : "$custom_item_honeycookedneck_description",
        "description" : "Meat marinated and cooked with honey.",
        "amount": 1,
        "craftingStation": "piece_cauldron",
        "minStationLevel": 1,
        "enabled": true,
        "repairStation": "",
        "resources": [
          {
            "item": "NeckTailGrilled",
            "amount": 1
          },
          {
            "item": "Honey",
            "amount": 2
          }
        ]
      },
      {
        "name": "$custom_item_honeycookedlox",
        "nameValue": "Honey Glazed Lox Meat",
        "item": "HoneyCookedLox",
        "descriptionToken" : "$custom_item_honeycookedlox_description",
        "description" : "Meat marinated and cooked with honey.",
        "amount": 1,
        "craftingStation": "piece_cauldron",
        "minStationLevel": 1,
        "enabled": true,
        "repairStation": "",
        "resources": [
          {
            "item": "CookedLoxMeat",
            "amount": 1
          },
          {
            "item": "Honey",
            "amount": 4
          }
        ]
      },
      {
        "name": "$custom_item_honeysausages",
        "nameValue": "Honey Sweetened Sausages",
        "item": "HoneySausages",
        "descriptionToken" : "$custom_item_honeysausages_description",
        "description" : "Sausages sweetened with honey",
        "amount": 4,
        "craftingStation": "piece_cauldron",
        "minStationLevel": 1,
        "enabled": true,
        "repairStation": "",
        "resources": [
          {
            "item": "Sausages",
            "amount": 4
          },
          {
            "item": "Honey",
            "amount": 12
          }
        ]
      },
      {
        "name": "$custom_item_honeyserpentmeat",
        "nameValue": "Honey Glazed Serpent Meat",
        "item": "HoneySerpentMeat",
        "descriptionToken" : "$custom_item_honeyserpentmeat_description",
        "description" : "Meat marinated and cooked with honey.",
        "amount": 1,
        "craftingStation": "piece_cauldron",
        "minStationLevel": 1,
        "enabled": true,
        "repairStation": "",
        "resources": [
          {
            "item": "SerpentMeatCooked",
            "amount": 1
          },
          {
            "item": "Honey",
            "amount": 4
          }
        ]
      },
      {
        "name": "$custom_item_honeyteriyakisalmon",
        "nameValue": "Teriyaki Salmon",
        "item": "HoneyTeriyakiSalmon",
        "descriptionToken" : "$custom_item_honeyteriyakisalmon_description",
        "description" : "Meat marinated and cooked with honey.",
        "amount": 1,
        "craftingStation": "piece_cauldron",
        "minStationLevel": 1,
        "enabled": true,
        "repairStation": "",
        "resources": [
          {
            "item": "FishCooked",
            "amount": 1
          },
          {
            "item": "Honey",
            "amount": 2
          }
        ]
      },
      {
        "name": "$custom_item_honeyteriyakisalmonwrap",
        "nameValue": "Teriyaki Salmon Wrap",
        "item": "HoneyTeriyakiSalmonWrap",
        "descriptionToken" : "$custom_item_honeyteriyakisalmonwrap_description",
        "description" : "Meat marinated and cooked with honey.",
        "amount": 1,
        "craftingStation": "piece_cauldron",
        "minStationLevel": 1,
        "enabled": true,
        "repairStation": "",
        "resources": [
          {
            "item": "FishWraps",
            "amount": 1
          },
          {
            "item": "Honey",
            "amount": 4
          }
        ]
      },
      {
        "name": "$custom_item_odinsdelight",
        "nameValue": "Odin's Delight",
        "item": "OdinsDelight",
        "descriptionToken" : "$custom_item_odinsdelight_description",
        "description" : "A nutritious Jam using all components Valheim has to offer.",
        "amount": 2,
        "craftingStation": "piece_cauldron",
        "minStationLevel": 1,
        "enabled": true,
        "repairStation": "",
        "resources": [
          {
            "item": "Raspberry",
            "amount": 4
          },
          {
            "item": "Honey",
            "amount": 4
          },
          {
            "item": "Cloudberry",
            "amount": 4
          },
          {
            "item": "Blueberries",
            "amount": 4
          }
        ]
      }
    ]
  }