{      
      "custom_item_honeybread": "Honey Baked Bread",
      "custom_item_honeybread_description": "Bread baked using a honey glaze",
      "custom_item_honeycookedmeat": "Honey Glazed Meat",
      "custom_item_honeycookedmeat_description": "Meat marinated and cooked with honey.",
      "custom_item_honeycookedneck": "Honey Glazed Neck Tail",
      "custom_item_honeycookedneck_description": "Meat marinated and cooked with honey.",
      "custom_item_honeycookedlox": "Honey Glazed Lox Meat",
      "custom_item_honeycookedlox_description": "Meat marinated and cooked with honey.",
      "custom_item_honeysausages": "Honey Sweetened Sausages",
      "custom_item_honeysausages_description": "Sausages sweetened with honey",
      "custom_item_honeyserpentmeat": "Honey Glazed Serpent Meat",
      "custom_item_honeyserpentmeat_description": "Meat marinated and cooked with honey.",
      "custom_item_honeyteriyakisalmon": "Teriyaki Salmon",
      "custom_item_honeyteriyakisalmon_description": "Meat marinated and cooked with honey.",
      "custom_item_honeyteriyakisalmonwrap": "Teriyaki Salmon Wrap",
      "custom_item_honeyteriyakisalmonwrap_description": "Meat marinated and cooked with honey.",
      "custom_item_odinsdelight": "Odin's Delight",
      "custom_item_odinsdelight_description": "A nutritious Jam using all components Valheim has to offer.",      
      "custom_item_honeycuredneck": "Honey Cured Neck Tail",
      "custom_item_honeycuredneck_description": "Meat dried and cured with honey.",
      "custom_item_honeymushroomsoup": "Honey Mushroom Miso Soup",
      "custom_item_honeymushroomsoup_description": "A hearty soup containing mushrooms from all across Valheim, sweetened with honey.",    
}