{      
	  "custom_item_honeybread": "烤制蜂蜜面包",
	  "custom_item_honeybread_description": "使用蜂蜜烤制的面包",
      "custom_item_honeycookedmeat": "蜂蜜烤肉",
	  "custom_item_honeycookedmeat_description": "用蜂蜜腌制和烹调的肉类。",
	  "custom_item_honeycookedneck": "蜂蜜烤蜥蜴精尾",
	  "custom_item_honeycookedneck_description": "用蜂蜜腌制和烹调的蜥蜴精尾巴。",
      "custom_item_honeycookedlox": "蜂蜜烤鳕鱼肉",
      "custom_item_honeycookedlox_description": "用蜂蜜腌制和烹调的鳕鱼",
      "custom_item_honeysausages": "蜂蜜糖渍香肠",
      "custom_item_honeysausages_description": "使用蜂蜜填料的香肠",
      "custom_item_honeyserpentmeat": "蜂蜜腌制的蛇肉",
      "custom_item_honeyserpentmeat_description": "用蜂蜜腌制和烹调的蛇肉",
      "custom_item_honeyteriyakisalmon": "蜂蜜三文鱼",
      "custom_item_honeyteriyakisalmon_description": "用蜂蜜腌制和烹调的三文鱼",
      "custom_item_honeyteriyakisalmonwrap": "照烧三文鱼卷",
      "custom_item_honeyteriyakisalmonwrap_description": "用蜂蜜腌制和烹调的三文鱼卷",
      "custom_item_odinsdelight": "奥丁的欢愉",
      "custom_item_odinsdelight_description": "营养丰富的果酱，使用Valheim提供的所有食材制作。"
}